<?xml version="1.0" encoding="UTF-8" standalone="yes"?>
<addon id="plugin.video.turktv" name="TURK TV" version="0.0.1" provider-name="itasli">
  <requires>
    <!-- xbmc.python -->
    <import addon="script.module.codequick" version="0.9.13"/>
    <import addon="script.module.youtube.dl" version="18.225.0"/>
    <import addon="script.module.requests" version="2.12.4"/>
    <import addon="script.module.pytz" version="2014.2"/>
    <import addon="script.module.inputstreamhelper" version="0.3.3"/>
    <import addon="script.module.six" version="1.11.0"/>
    <import addon="script.module.pyqrcode" version="0.0.1"/>
    <import addon="script.module.tzlocal" version="2.0.0"/>
    <import addon="script.module.future" version="0.17.1"/>
    <import addon="script.module.kodi-six" version="0.0.4"/>
  </requires>
  <extension point="xbmc.python.pluginsource" library="addon.py">
    <provides>video</provides>
  </extension>
  <extension point="xbmc.service" library="service.py"/>
  <extension point="xbmc.addon.metadata">
    <!-- Set reuselanguageinvoker to false while developing the addon, making it only true for the production version -->
    <!-- See https://kodi.wiki/view/Addon.xml#.3Creuselanguageinvoker.3E -->
    <reuselanguageinvoker>false</reuselanguageinvoker>
    <summary lang="en_GB">TURK TV: It's all in the title.</summary>
    <description lang="en_GB">TURK TV brings together in one Kodi add-on all channels of Turkish live TV.</description>
    <disclaimer lang="en_GB">Bug reports, suggestions for improvements or content additions are welcome! GitHub or e-mail.</disclaimer>

    <language></language>
    <platform>all</platform>
    <license>GPL-2.0</license>
    <website>https://itasli.github.io/TURKTV</website>
    <email>kodi.turk.tv at gmail dot com</email>
    <source>https://github.com/itasli/TURKTV</source>
    <news>
[Version 0.0.1]
[TR] Initial commit
----
    </news>
    <assets>
      <icon>icon.png</icon>
      <fanart>fanart.jpg</fanart>
      <screenshot>resources/screenshots/screenshot-01.jpg</screenshot>
      <screenshot>resources/screenshots/screenshot-02.jpg</screenshot>
      <screenshot>resources/screenshots/screenshot-03.jpg</screenshot>
      <screenshot>resources/screenshots/screenshot-04.jpg</screenshot>
      <screenshot>resources/screenshots/screenshot-05.jpg</screenshot>
    </assets>
  </extension>
</addon>
